{"__meta":{"schema_version":3,"schema_name":"GBMModelV3","schema_type":"GBMModel"},"model_id":{"__meta":{"schema_version":3,"schema_name":"ModelKeyV3","schema_type":"Key<Model>"},"name":"GBM_model_python_1563173693820_4","type":"Key<Model>","URL":"/3/Models/GBM_model_python_1563173693820_4"},"algo":"gbm","algo_full_name":"Gradient Boosting Machine","response_column_name":"tax_occupation","data_frame":{"__meta":{"schema_version":3,"schema_name":"FrameKeyV3","schema_type":"Key<Frame>"},"name":"py_21_sid_ad74","type":"Key<Frame>","URL":"/3/Frames/py_21_sid_ad74"},"timestamp":1563174513995,"have_pojo":true,"have_mojo":true,"algo":"gbm","algo_full_name":"Gradient Boosting Machine","model_id":{"__meta":{"schema_version":3,"schema_name":"ModelKeyV3","schema_type":"Key<Model>"},"name":"GBM_model_python_1563173693820_4","type":"Key<Model>","URL":"/3/Models/GBM_model_python_1563173693820_4"},"parameters":[{"__meta":{"schema_version":3,"schema_name":"ModelParameterSchemaV3","schema_type":"Iced"},"name":"model_id","label":"model_id","help":"Destination id for this model; auto-generated if not specified.","required":false,"type":"Key<Model>","default_value":null,"actual_value":{"__meta":{"schema_version":3,"schema_name":"ModelKeyV3","schema_type":"Key<Model>"},"name":"GBM_model_python_1563173693820_4","type":"Key<Model>","URL":"/3/Models/GBM_model_python_1563173693820_4"},"level":"critical","values":[],"is_member_of_frames":[],"is_mutually_exclusive_with":[],"gridable":false},{"__meta":{"schema_version":3,"schema_name":"ModelParameterSchemaV3","schema_type":"Iced"},"name":"training_frame","label":"training_frame","help":"Id of the training data frame.","required":false,"type":"Key<Frame>","default_value":null,"actual_value":{"__meta":{"schema_version":3,"schema_name":"FrameKeyV3","schema_type":"Key<Frame>"},"name":"py_21_sid_ad74","type":"Key<Frame>","URL":"/3/Frames/py_21_sid_ad74"},"level":"critical","values":[],"is_member_of_frames":[],"is_mutually_exclusive_with":[],"gridable":false},{"__meta":{"schema_version":3,"schema_name":"ModelParameterSchemaV3","schema_type":"Iced"},"name":"validation_frame","label":"validation_frame","help":"Id of the validation data frame.","required":false,"type":"Key<Frame>","default_value":null,"actual_value":{"__meta":{"schema_version":3,"schema_name":"FrameKeyV3","schema_type":"Key<Frame>"},"name":"py_22_sid_ad74","type":"Key<Frame>","URL":"/3/Frames/py_22_sid_ad74"},"level":"critical","values":[],"is_member_of_frames":[],"is_mutually_exclusive_with":[],"gridable":true},{"__meta":{"schema_version":3,"schema_name":"ModelParameterSchemaV3","schema_type":"Iced"},"name":"nfolds","label":"nfolds","help":"Number of folds for K-fold cross-validation (0 to disable or >= 2).","required":false,"type":"int","default_value":0,"actual_value":5,"level":"critical","values":[],"is_member_of_frames":[],"is_mutually_exclusive_with":[],"gridable":false},{"__meta":{"schema_version":3,"schema_name":"ModelParameterSchemaV3","schema_type":"Iced"},"name":"keep_cross_validation_models","label":"keep_cross_validation_models","help":"Whether to keep the cross-validation models.","required":false,"type":"boolean","default_value":true,"actual_value":true,"level":"expert","values":[],"is_member_of_frames":[],"is_mutually_exclusive_with":[],"gridable":false},{"__meta":{"schema_version":3,"schema_name":"ModelParameterSchemaV3","schema_type":"Iced"},"name":"keep_cross_validation_predictions","label":"keep_cross_validation_predictions","help":"Whether to keep the predictions of the cross-validation models.","required":false,"type":"boolean","default_value":false,"actual_value":false,"level":"expert","values":[],"is_member_of_frames":[],"is_mutually_exclusive_with":[],"gridable":false},{"__meta":{"schema_version":3,"schema_name":"ModelParameterSchemaV3","schema_type":"Iced"},"name":"keep_cross_validation_fold_assignment","label":"keep_cross_validation_fold_assignment","help":"Whether to keep the cross-validation fold assignment.","required":false,"type":"boolean","default_value":false,"actual_value":false,"level":"expert","values":[],"is_member_of_frames":[],"is_mutually_exclusive_with":[],"gridable":false},{"__meta":{"schema_version":3,"schema_name":"ModelParameterSchemaV3","schema_type":"Iced"},"name":"score_each_iteration","label":"score_each_iteration","help":"Whether to score during each iteration of model training.","required":false,"type":"boolean","default_value":false,"actual_value":false,"level":"secondary","values":[],"is_member_of_frames":[],"is_mutually_exclusive_with":[],"gridable":false},{"__meta":{"schema_version":3,"schema_name":"ModelParameterSchemaV3","schema_type":"Iced"},"name":"score_tree_interval","label":"score_tree_interval","help":"Score the model after every so many trees. Disabled if set to 0.","required":false,"type":"int","default_value":0,"actual_value":0,"level":"secondary","values":[],"is_member_of_frames":[],"is_mutually_exclusive_with":[],"gridable":false},{"__meta":{"schema_version":3,"schema_name":"ModelParameterSchemaV3","schema_type":"Iced"},"name":"fold_assignment","label":"fold_assignment","help":"Cross-validation fold assignment scheme, if fold_column is not specified. The 'Stratified' option will stratify the folds based on the response variable, for classification problems.","required":false,"type":"enum","default_value":"AUTO","actual_value":"Modulo","level":"secondary","values":["AUTO","Random","Modulo","Stratified"],"is_member_of_frames":[],"is_mutually_exclusive_with":[],"gridable":true},{"__meta":{"schema_version":3,"schema_name":"ModelParameterSchemaV3","schema_type":"Iced"},"name":"fold_column","label":"fold_column","help":"Column with cross-validation fold index assignment per observation.","required":false,"type":"VecSpecifier","default_value":null,"actual_value":null,"level":"secondary","values":[],"is_member_of_frames":["training_frame"],"is_mutually_exclusive_with":["response_column","weights_column","ignored_columns","offset_column"],"gridable":true},{"__meta":{"schema_version":3,"schema_name":"ModelParameterSchemaV3","schema_type":"Iced"},"name":"response_column","label":"response_column","help":"Response variable column.","required":false,"type":"VecSpecifier","default_value":null,"actual_value":{"__meta":{"schema_version":3,"schema_name":"ColSpecifierV3","schema_type":"VecSpecifier"},"column_name":"tax_occupation","is_member_of_frames":null},"level":"critical","values":[],"is_member_of_frames":["training_frame","validation_frame"],"is_mutually_exclusive_with":["weights_column","ignored_columns","offset_column","fold_column"],"gridable":true},{"__meta":{"schema_version":3,"schema_name":"ModelParameterSchemaV3","schema_type":"Iced"},"name":"ignored_columns","label":"ignored_columns","help":"Names of columns to ignore for training.","required":false,"type":"string[]","default_value":null,"actual_value":null,"level":"critical","values":[],"is_member_of_frames":["training_frame","validation_frame"],"is_mutually_exclusive_with":["response_column","weights_column","offset_column","fold_column"],"gridable":false},{"__meta":{"schema_version":3,"schema_name":"ModelParameterSchemaV3","schema_type":"Iced"},"name":"ignore_const_cols","label":"ignore_const_cols","help":"Ignore constant columns.","required":false,"type":"boolean","default_value":true,"actual_value":true,"level":"critical","values":[],"is_member_of_frames":[],"is_mutually_exclusive_with":[],"gridable":false},{"__meta":{"schema_version":3,"schema_name":"ModelParameterSchemaV3","schema_type":"Iced"},"name":"offset_column","label":"offset_column","help":"Offset column. This will be added to the combination of columns before applying the link function.","required":false,"type":"VecSpecifier","default_value":null,"actual_value":null,"level":"secondary","values":[],"is_member_of_frames":["training_frame","validation_frame"],"is_mutually_exclusive_with":["response_column","weights_column","ignored_columns","fold_column"],"gridable":true},{"__meta":{"schema_version":3,"schema_name":"ModelParameterSchemaV3","schema_type":"Iced"},"name":"weights_column","label":"weights_column","help":"Column with observation weights. Giving some observation a weight of zero is equivalent to excluding it from the dataset; giving an observation a relative weight of 2 is equivalent to repeating that row twice. Negative weights are not allowed. Note: Weights are per-row observation weights and do not increase the size of the data frame. This is typically the number of times a row is repeated, but non-integer values are supported as well. During training, rows with higher weights matter more, due to the larger loss function pre-factor.","required":false,"type":"VecSpecifier","default_value":null,"actual_value":null,"level":"secondary","values":[],"is_member_of_frames":["training_frame","validation_frame"],"is_mutually_exclusive_with":["response_column","ignored_columns","offset_column","fold_column"],"gridable":true},{"__meta":{"schema_version":3,"schema_name":"ModelParameterSchemaV3","schema_type":"Iced"},"name":"balance_classes","label":"balance_classes","help":"Balance training data class counts via over/under-sampling (for imbalanced data).","required":false,"type":"boolean","default_value":false,"actual_value":false,"level":"secondary","values":[],"is_member_of_frames":[],"is_mutually_exclusive_with":[],"gridable":true},{"__meta":{"schema_version":3,"schema_name":"ModelParameterSchemaV3","schema_type":"Iced"},"name":"class_sampling_factors","label":"class_sampling_factors","help":"Desired over/under-sampling ratios per class (in lexicographic order). If not specified, sampling factors will be automatically computed to obtain class balance during training. Requires balance_classes.","required":false,"type":"float[]","default_value":null,"actual_value":null,"level":"expert","values":[],"is_member_of_frames":[],"is_mutually_exclusive_with":[],"gridable":true},{"__meta":{"schema_version":3,"schema_name":"ModelParameterSchemaV3","schema_type":"Iced"},"name":"max_after_balance_size","label":"max_after_balance_size","help":"Maximum relative size of the training data after balancing class counts (can be less than 1.0). Requires balance_classes.","required":false,"type":"float","default_value":5.0,"actual_value":5.0,"level":"expert","values":[],"is_member_of_frames":[],"is_mutually_exclusive_with":[],"gridable":true},{"__meta":{"schema_version":3,"schema_name":"ModelParameterSchemaV3","schema_type":"Iced"},"name":"max_confusion_matrix_size","label":"max_confusion_matrix_size","help":"[Deprecated] Maximum size (# classes) for confusion matrices to be printed in the Logs","required":false,"type":"int","default_value":20,"actual_value":20,"level":"secondary","values":[],"is_member_of_frames":[],"is_mutually_exclusive_with":[],"gridable":false},{"__meta":{"schema_version":3,"schema_name":"ModelParameterSchemaV3","schema_type":"Iced"},"name":"max_hit_ratio_k","label":"max_hit_ratio_k","help":"Max. number (top K) of predictions to use for hit ratio computation (for multi-class only, 0 to disable)","required":false,"type":"int","default_value":0,"actual_value":0,"level":"secondary","values":[],"is_member_of_frames":[],"is_mutually_exclusive_with":[],"gridable":false},{"__meta":{"schema_version":3,"schema_name":"ModelParameterSchemaV3","schema_type":"Iced"},"name":"ntrees","label":"ntrees","help":"Number of trees.","required":false,"type":"int","default_value":50,"actual_value":50,"level":"critical","values":[],"is_member_of_frames":[],"is_mutually_exclusive_with":[],"gridable":true},{"__meta":{"schema_version":3,"schema_name":"ModelParameterSchemaV3","schema_type":"Iced"},"name":"max_depth","label":"max_depth","help":"Maximum tree depth.","required":false,"type":"int","default_value":5,"actual_value":7,"level":"critical","values":[],"is_member_of_frames":[],"is_mutually_exclusive_with":[],"gridable":true},{"__meta":{"schema_version":3,"schema_name":"ModelParameterSchemaV3","schema_type":"Iced"},"name":"min_rows","label":"min_rows","help":"Fewest allowed (weighted) observations in a leaf.","required":false,"type":"double","default_value":10.0,"actual_value":10.0,"level":"critical","values":[],"is_member_of_frames":[],"is_mutually_exclusive_with":[],"gridable":true},{"__meta":{"schema_version":3,"schema_name":"ModelParameterSchemaV3","schema_type":"Iced"},"name":"nbins","label":"nbins","help":"For numerical columns (real/int), build a histogram of (at least) this many bins, then split at the best point","required":false,"type":"int","default_value":20,"actual_value":20,"level":"critical","values":[],"is_member_of_frames":[],"is_mutually_exclusive_with":[],"gridable":true},{"__meta":{"schema_version":3,"schema_name":"ModelParameterSchemaV3","schema_type":"Iced"},"name":"nbins_top_level","label":"nbins_top_level","help":"For numerical columns (real/int), build a histogram of (at most) this many bins at the root level, then decrease by factor of two per level","required":false,"type":"int","default_value":1024,"actual_value":1024,"level":"secondary","values":[],"is_member_of_frames":[],"is_mutually_exclusive_with":[],"gridable":true},{"__meta":{"schema_version":3,"schema_name":"ModelParameterSchemaV3","schema_type":"Iced"},"name":"nbins_cats","label":"nbins_cats","help":"For categorical columns (factors), build a histogram of this many bins, then split at the best point. Higher values can lead to more overfitting.","required":false,"type":"int","default_value":1024,"actual_value":1024,"level":"secondary","values":[],"is_member_of_frames":[],"is_mutually_exclusive_with":[],"gridable":true},{"__meta":{"schema_version":3,"schema_name":"ModelParameterSchemaV3","schema_type":"Iced"},"name":"r2_stopping","label":"r2_stopping","help":"r2_stopping is no longer supported and will be ignored if set - please use stopping_rounds, stopping_metric and stopping_tolerance instead. Previous version of H2O would stop making trees when the R^2 metric equals or exceeds this","required":false,"type":"double","default_value":1.7976931348623157E308,"actual_value":1.7976931348623157E308,"level":"secondary","values":[],"is_member_of_frames":[],"is_mutually_exclusive_with":[],"gridable":true},{"__meta":{"schema_version":3,"schema_name":"ModelParameterSchemaV3","schema_type":"Iced"},"name":"stopping_rounds","label":"stopping_rounds","help":"Early stopping based on convergence of stopping_metric. Stop if simple moving average of length k of the stopping_metric does not improve for k:=stopping_rounds scoring events (0 to disable)","required":false,"type":"int","default_value":0,"actual_value":0,"level":"secondary","values":[],"is_member_of_frames":[],"is_mutually_exclusive_with":[],"gridable":true},{"__meta":{"schema_version":3,"schema_name":"ModelParameterSchemaV3","schema_type":"Iced"},"name":"stopping_metric","label":"stopping_metric","help":"Metric to use for early stopping (AUTO: logloss for classification, deviance for regression). Note that custom and custom_increasing can only be used in GBM and DRF with the Python client.","required":false,"type":"enum","default_value":"AUTO","actual_value":"AUTO","level":"secondary","values":["AUTO","deviance","logloss","MSE","RMSE","MAE","RMSLE","AUC","lift_top_group","misclassification","mean_per_class_error","custom","custom_increasing"],"is_member_of_frames":[],"is_mutually_exclusive_with":[],"gridable":true},{"__meta":{"schema_version":3,"schema_name":"ModelParameterSchemaV3","schema_type":"Iced"},"name":"stopping_tolerance","label":"stopping_tolerance","help":"Relative tolerance for metric-based stopping criterion (stop if relative improvement is not at least this much)","required":false,"type":"double","default_value":0.001,"actual_value":0.001,"level":"secondary","values":[],"is_member_of_frames":[],"is_mutually_exclusive_with":[],"gridable":true},{"__meta":{"schema_version":3,"schema_name":"ModelParameterSchemaV3","schema_type":"Iced"},"name":"max_runtime_secs","label":"max_runtime_secs","help":"Maximum allowed runtime in seconds for model training. Use 0 to disable.","required":false,"type":"double","default_value":0.0,"actual_value":0.0,"level":"secondary","values":[],"is_member_of_frames":[],"is_mutually_exclusive_with":[],"gridable":true},{"__meta":{"schema_version":3,"schema_name":"ModelParameterSchemaV3","schema_type":"Iced"},"name":"seed","label":"seed","help":"Seed for pseudo random number generator (if applicable)","required":false,"type":"long","default_value":-1,"actual_value":1233,"level":"critical","values":[],"is_member_of_frames":[],"is_mutually_exclusive_with":[],"gridable":true},{"__meta":{"schema_version":3,"schema_name":"ModelParameterSchemaV3","schema_type":"Iced"},"name":"build_tree_one_node","label":"build_tree_one_node","help":"Run on one node only; no network overhead but fewer cpus used.  Suitable for small datasets.","required":false,"type":"boolean","default_value":false,"actual_value":false,"level":"expert","values":[],"is_member_of_frames":[],"is_mutually_exclusive_with":[],"gridable":false},{"__meta":{"schema_version":3,"schema_name":"ModelParameterSchemaV3","schema_type":"Iced"},"name":"learn_rate","label":"learn_rate","help":"Learning rate (from 0.0 to 1.0)","required":false,"type":"double","default_value":0.1,"actual_value":0.1,"level":"critical","values":[],"is_member_of_frames":[],"is_mutually_exclusive_with":[],"gridable":true},{"__meta":{"schema_version":3,"schema_name":"ModelParameterSchemaV3","schema_type":"Iced"},"name":"learn_rate_annealing","label":"learn_rate_annealing","help":"Scale the learning rate by this factor after each tree (e.g., 0.99 or 0.999) ","required":false,"type":"double","default_value":1.0,"actual_value":1.0,"level":"secondary","values":[],"is_member_of_frames":[],"is_mutually_exclusive_with":[],"gridable":true},{"__meta":{"schema_version":3,"schema_name":"ModelParameterSchemaV3","schema_type":"Iced"},"name":"distribution","label":"distribution","help":"Distribution function","required":false,"type":"enum","default_value":"AUTO","actual_value":"multinomial","level":"secondary","values":["AUTO","bernoulli","quasibinomial","ordinal","multinomial","gaussian","poisson","gamma","tweedie","laplace","quantile","huber"],"is_member_of_frames":[],"is_mutually_exclusive_with":[],"gridable":true},{"__meta":{"schema_version":3,"schema_name":"ModelParameterSchemaV3","schema_type":"Iced"},"name":"quantile_alpha","label":"quantile_alpha","help":"Desired quantile for Quantile regression, must be between 0 and 1.","required":false,"type":"double","default_value":0.5,"actual_value":0.5,"level":"secondary","values":[],"is_member_of_frames":[],"is_mutually_exclusive_with":[],"gridable":true},{"__meta":{"schema_version":3,"schema_name":"ModelParameterSchemaV3","schema_type":"Iced"},"name":"tweedie_power","label":"tweedie_power","help":"Tweedie power for Tweedie regression, must be between 1 and 2.","required":false,"type":"double","default_value":1.5,"actual_value":1.5,"level":"secondary","values":[],"is_member_of_frames":[],"is_mutually_exclusive_with":[],"gridable":true},{"__meta":{"schema_version":3,"schema_name":"ModelParameterSchemaV3","schema_type":"Iced"},"name":"huber_alpha","label":"huber_alpha","help":"Desired quantile for Huber/M-regression (threshold between quadratic and linear loss, must be between 0 and 1).","required":false,"type":"double","default_value":0.9,"actual_value":0.9,"level":"secondary","values":[],"is_member_of_frames":[],"is_mutually_exclusive_with":[],"gridable":true},{"__meta":{"schema_version":3,"schema_name":"ModelParameterSchemaV3","schema_type":"Iced"},"name":"checkpoint","label":"checkpoint","help":"Model checkpoint to resume training with.","required":false,"type":"Key<Model>","default_value":null,"actual_value":null,"level":"secondary","values":[],"is_member_of_frames":[],"is_mutually_exclusive_with":[],"gridable":false},{"__meta":{"schema_version":3,"schema_name":"ModelParameterSchemaV3","schema_type":"Iced"},"name":"sample_rate","label":"sample_rate","help":"Row sample rate per tree (from 0.0 to 1.0)","required":false,"type":"double","default_value":1.0,"actual_value":1.0,"level":"critical","values":[],"is_member_of_frames":[],"is_mutually_exclusive_with":[],"gridable":true},{"__meta":{"schema_version":3,"schema_name":"ModelParameterSchemaV3","schema_type":"Iced"},"name":"sample_rate_per_class","label":"sample_rate_per_class","help":"A list of row sample rates per class (relative fraction for each class, from 0.0 to 1.0), for each tree","required":false,"type":"double[]","default_value":null,"actual_value":null,"level":"expert","values":[],"is_member_of_frames":[],"is_mutually_exclusive_with":[],"gridable":true},{"__meta":{"schema_version":3,"schema_name":"ModelParameterSchemaV3","schema_type":"Iced"},"name":"col_sample_rate","label":"col_sample_rate","help":"Column sample rate (from 0.0 to 1.0)","required":false,"type":"double","default_value":1.0,"actual_value":1.0,"level":"critical","values":[],"is_member_of_frames":[],"is_mutually_exclusive_with":[],"gridable":true},{"__meta":{"schema_version":3,"schema_name":"ModelParameterSchemaV3","schema_type":"Iced"},"name":"col_sample_rate_change_per_level","label":"col_sample_rate_change_per_level","help":"Relative change of the column sampling rate for every level (must be > 0.0 and <= 2.0)","required":false,"type":"double","default_value":1.0,"actual_value":1.0,"level":"expert","values":[],"is_member_of_frames":[],"is_mutually_exclusive_with":[],"gridable":true},{"__meta":{"schema_version":3,"schema_name":"ModelParameterSchemaV3","schema_type":"Iced"},"name":"col_sample_rate_per_tree","label":"col_sample_rate_per_tree","help":"Column sample rate per tree (from 0.0 to 1.0)","required":false,"type":"double","default_value":1.0,"actual_value":1.0,"level":"secondary","values":[],"is_member_of_frames":[],"is_mutually_exclusive_with":[],"gridable":true},{"__meta":{"schema_version":3,"schema_name":"ModelParameterSchemaV3","schema_type":"Iced"},"name":"min_split_improvement","label":"min_split_improvement","help":"Minimum relative improvement in squared error reduction for a split to happen","required":false,"type":"double","default_value":1.0E-5,"actual_value":1.0E-5,"level":"secondary","values":[],"is_member_of_frames":[],"is_mutually_exclusive_with":[],"gridable":true},{"__meta":{"schema_version":3,"schema_name":"ModelParameterSchemaV3","schema_type":"Iced"},"name":"histogram_type","label":"histogram_type","help":"What type of histogram to use for finding optimal split points","required":false,"type":"enum","default_value":"AUTO","actual_value":"AUTO","level":"secondary","values":["AUTO","UniformAdaptive","Random","QuantilesGlobal","RoundRobin"],"is_member_of_frames":[],"is_mutually_exclusive_with":[],"gridable":true},{"__meta":{"schema_version":3,"schema_name":"ModelParameterSchemaV3","schema_type":"Iced"},"name":"max_abs_leafnode_pred","label":"max_abs_leafnode_pred","help":"Maximum absolute value of a leaf node prediction","required":false,"type":"double","default_value":1.7976931348623157E308,"actual_value":1.7976931348623157E308,"level":"expert","values":[],"is_member_of_frames":[],"is_mutually_exclusive_with":[],"gridable":true},{"__meta":{"schema_version":3,"schema_name":"ModelParameterSchemaV3","schema_type":"Iced"},"name":"pred_noise_bandwidth","label":"pred_noise_bandwidth","help":"Bandwidth (sigma) of Gaussian multiplicative noise ~N(1,sigma) for tree node predictions","required":false,"type":"double","default_value":0.0,"actual_value":0.0,"level":"expert","values":[],"is_member_of_frames":[],"is_mutually_exclusive_with":[],"gridable":true},{"__meta":{"schema_version":3,"schema_name":"ModelParameterSchemaV3","schema_type":"Iced"},"name":"categorical_encoding","label":"categorical_encoding","help":"Encoding scheme for categorical features","required":false,"type":"enum","default_value":"AUTO","actual_value":"AUTO","level":"secondary","values":["AUTO","Enum","OneHotInternal","OneHotExplicit","Binary","Eigen","LabelEncoder","SortByResponse","EnumLimited"],"is_member_of_frames":[],"is_mutually_exclusive_with":[],"gridable":true},{"__meta":{"schema_version":3,"schema_name":"ModelParameterSchemaV3","schema_type":"Iced"},"name":"calibrate_model","label":"calibrate_model","help":"Use Platt Scaling to calculate calibrated class probabilities. Calibration can provide more accurate estimates of class probabilities.","required":false,"type":"boolean","default_value":false,"actual_value":false,"level":"expert","values":[],"is_member_of_frames":[],"is_mutually_exclusive_with":[],"gridable":false},{"__meta":{"schema_version":3,"schema_name":"ModelParameterSchemaV3","schema_type":"Iced"},"name":"calibration_frame","label":"calibration_frame","help":"Calibration frame for Platt Scaling","required":false,"type":"Key<Frame>","default_value":null,"actual_value":null,"level":"expert","values":[],"is_member_of_frames":[],"is_mutually_exclusive_with":[],"gridable":false},{"__meta":{"schema_version":3,"schema_name":"ModelParameterSchemaV3","schema_type":"Iced"},"name":"custom_metric_func","label":"custom_metric_func","help":"Reference to custom evaluation function, format: `language:keyName=funcName`","required":false,"type":"string","default_value":null,"actual_value":null,"level":"secondary","values":[],"is_member_of_frames":[],"is_mutually_exclusive_with":[],"gridable":false},{"__meta":{"schema_version":3,"schema_name":"ModelParameterSchemaV3","schema_type":"Iced"},"name":"export_checkpoints_dir","label":"export_checkpoints_dir","help":"Automatically export generated models to this directory.","required":false,"type":"string","default_value":null,"actual_value":null,"level":"secondary","values":[],"is_member_of_frames":[],"is_mutually_exclusive_with":[],"gridable":false},{"__meta":{"schema_version":3,"schema_name":"ModelParameterSchemaV3","schema_type":"Iced"},"name":"monotone_constraints","label":"monotone_constraints","help":"A mapping representing monotonic constraints. Use +1 to enforce an increasing constraint and -1 to specify a decreasing constraint.","required":false,"type":"KeyValue[]","default_value":null,"actual_value":null,"level":"secondary","values":[],"is_member_of_frames":[],"is_mutually_exclusive_with":[],"gridable":false},{"__meta":{"schema_version":3,"schema_name":"ModelParameterSchemaV3","schema_type":"Iced"},"name":"check_constant_response","label":"check_constant_response","help":"Check if response column is constant. If enabled, then an exception is thrown if the response column is a constant value.If disabled, then model will train regardless of the response column being a constant value or not.","required":false,"type":"boolean","default_value":true,"actual_value":true,"level":"expert","values":[],"is_member_of_frames":[],"is_mutually_exclusive_with":[],"gridable":false}],"output":{"__meta":{"schema_version":3,"schema_name":"GBMModelOutputV3","schema_type":"GBMOutput"},"names":["flag_rain","flag_fog","weather_description","weather_main","year","month","day","hour","flag_weekend","flag_event","flag_holiday","flag_vacationperiod","PraÃ§a MarquÃªs de Pombal","Rua Braamcamp","Avenida da Liberdade","Avenida Duque de LoulÃ©","Rua Joaquim AntÃ³nio de Aguiar","Avenida Fontes Pereira de Melo","dayofweek","tax_occupation"],"column_types":["Numeric","Numeric","Enum","Enum","Numeric","Numeric","Numeric","Numeric","Numeric","Numeric","Numeric","Numeric","Numeric","Numeric","Numeric","Numeric","Numeric","Numeric","Numeric","Enum"],"domains":[null,null,["Sky is Clear","broken clouds","drizzle","few clouds","fog","heavy intensity rain and drizzle","light intensity drizzle","light intensity drizzle rain","light intensity shower rain","light rain","mist","moderate rain","overcast clouds","proximity shower rain","rain and drizzle","scattered clouds","sky is clear","weather_description"],["Clear","Clouds","Drizzle","Fog","Mist","Rain","weather_main"],null,null,null,null,null,null,null,null,null,null,null,null,null,null,null,["1","2","3","4","5"]],"cross_validation_models":[{"__meta":{"schema_version":3,"schema_name":"ModelKeyV3","schema_type":"Key<Model>"},"name":"GBM_model_python_1563173693820_4_cv_1","type":"Key<Model>","URL":"/3/Models/GBM_model_python_1563173693820_4_cv_1"},{"__meta":{"schema_version":3,"schema_name":"ModelKeyV3","schema_type":"Key<Model>"},"name":"GBM_model_python_1563173693820_4_cv_2","type":"Key<Model>","URL":"/3/Models/GBM_model_python_1563173693820_4_cv_2"},{"__meta":{"schema_version":3,"schema_name":"ModelKeyV3","schema_type":"Key<Model>"},"name":"GBM_model_python_1563173693820_4_cv_3","type":"Key<Model>","URL":"/3/Models/GBM_model_python_1563173693820_4_cv_3"},{"__meta":{"schema_version":3,"schema_name":"ModelKeyV3","schema_type":"Key<Model>"},"name":"GBM_model_python_1563173693820_4_cv_4","type":"Key<Model>","URL":"/3/Models/GBM_model_python_1563173693820_4_cv_4"},{"__meta":{"schema_version":3,"schema_name":"ModelKeyV3","schema_type":"Key<Model>"},"name":"GBM_model_python_1563173693820_4_cv_5","type":"Key<Model>","URL":"/3/Models/GBM_model_python_1563173693820_4_cv_5"}],"cross_validation_predictions":null,"cross_validation_holdout_predictions_frame_id":null,"cross_validation_fold_assignment_frame_id":null,"model_category":"Multinomial","model_summary":{"__meta":{"schema_version":3,"schema_name":"TwoDimTableV3","schema_type":"TwoDimTable"},"name":"Model Summary","description":"","columns":[{"__meta":{"schema_version":-1,"schema_name":"ColumnSpecsBase","schema_type":"Iced"},"name":"","type":"string","format":"%s","description":""},{"__meta":{"schema_version":-1,"schema_name":"ColumnSpecsBase","schema_type":"Iced"},"name":"number_of_trees","type":"long","format":"%d","description":"Number of Trees"},{"__meta":{"schema_version":-1,"schema_name":"ColumnSpecsBase","schema_type":"Iced"},"name":"number_of_internal_trees","type":"long","format":"%d","description":"Number of Internal Trees"},{"__meta":{"schema_version":-1,"schema_name":"ColumnSpecsBase","schema_type":"Iced"},"name":"model_size_in_bytes","type":"long","format":"%d","description":"Model Size in Bytes"},{"__meta":{"schema_version":-1,"schema_name":"ColumnSpecsBase","schema_type":"Iced"},"name":"min_depth","type":"long","format":"%d","description":"Min. Depth"},{"__meta":{"schema_version":-1,"schema_name":"ColumnSpecsBase","schema_type":"Iced"},"name":"max_depth","type":"long","format":"%d","description":"Max. Depth"},{"__meta":{"schema_version":-1,"schema_name":"ColumnSpecsBase","schema_type":"Iced"},"name":"mean_depth","type":"double","format":"%.5f","description":"Mean Depth"},{"__meta":{"schema_version":-1,"schema_name":"ColumnSpecsBase","schema_type":"Iced"},"name":"min_leaves","type":"long","format":"%d","description":"Min. Leaves"},{"__meta":{"schema_version":-1,"schema_name":"ColumnSpecsBase","schema_type":"Iced"},"name":"max_leaves","type":"long","format":"%d","description":"Max. Leaves"},{"__meta":{"schema_version":-1,"schema_name":"ColumnSpecsBase","schema_type":"Iced"},"name":"mean_leaves","type":"double","format":"%.5f","description":"Mean Leaves"}],"rowcount":1,"data":[[""],[50],[250],[169519],[7],[7],[7.0],[23],[81],[49.248]]},"scoring_history":{"__meta":{"schema_version":3,"schema_name":"TwoDimTableV3","schema_type":"TwoDimTable"},"name":"Scoring History","description":"","columns":[{"__meta":{"schema_version":-1,"schema_name":"ColumnSpecsBase","schema_type":"Iced"},"name":"","type":"string","format":"%s","description":""},{"__meta":{"schema_version":-1,"schema_name":"ColumnSpecsBase","schema_type":"Iced"},"name":"timestamp","type":"string","format":"%s","description":"Timestamp"},{"__meta":{"schema_version":-1,"schema_name":"ColumnSpecsBase","schema_type":"Iced"},"name":"duration","type":"string","format":"%s","description":"Duration"},{"__meta":{"schema_version":-1,"schema_name":"ColumnSpecsBase","schema_type":"Iced"},"name":"number_of_trees","type":"long","format":"%d","description":"Number of Trees"},{"__meta":{"schema_version":-1,"schema_name":"ColumnSpecsBase","schema_type":"Iced"},"name":"training_rmse","type":"double","format":"%.5f","description":"Training RMSE"},{"__meta":{"schema_version":-1,"schema_name":"ColumnSpecsBase","schema_type":"Iced"},"name":"training_logloss","type":"double","format":"%.5f","description":"Training LogLoss"},{"__meta":{"schema_version":-1,"schema_name":"ColumnSpecsBase","schema_type":"Iced"},"name":"training_classification_error","type":"double","format":"%.5f","description":"Training Classification Error"},{"__meta":{"schema_version":-1,"schema_name":"ColumnSpecsBase","schema_type":"Iced"},"name":"validation_rmse","type":"double","format":"%.5f","description":"Validation RMSE"},{"__meta":{"schema_version":-1,"schema_name":"ColumnSpecsBase","schema_type":"Iced"},"name":"validation_logloss","type":"double","format":"%.5f","description":"Validation LogLoss"},{"__meta":{"schema_version":-1,"schema_name":"ColumnSpecsBase","schema_type":"Iced"},"name":"validation_classification_error","type":"double","format":"%.5f","description":"Validation Classification Error"}],"rowcount":51,"data":[["","","","","","","","","","","","","","","","","","","","","","","","","","","","","","","","","","","","","","","","","","","","","","","","","","",""],["2019-07-15 08:08:33","2019-07-15 08:08:33","2019-07-15 08:08:33","2019-07-15 08:08:33","2019-07-15 08:08:33","2019-07-15 08:08:33","2019-07-15 08:08:33","2019-07-15 08:08:33","2019-07-15 08:08:33","2019-07-15 08:08:33","2019-07-15 08:08:33","2019-07-15 08:08:33","2019-07-15 08:08:33","2019-07-15 08:08:33","2019-07-15 08:08:33","2019-07-15 08:08:33","2019-07-15 08:08:33","2019-07-15 08:08:33","2019-07-15 08:08:33","2019-07-15 08:08:33","2019-07-15 08:08:33","2019-07-15 08:08:33","2019-07-15 08:08:33","2019-07-15 08:08:33","2019-07-15 08:08:33","2019-07-15 08:08:33","2019-07-15 08:08:33","2019-07-15 08:08:33","2019-07-15 08:08:33","2019-07-15 08:08:33","2019-07-15 08:08:33","2019-07-15 08:08:33","2019-07-15 08:08:33","2019-07-15 08:08:33","2019-07-15 08:08:33","2019-07-15 08:08:33","2019-07-15 08:08:33","2019-07-15 08:08:33","2019-07-15 08:08:33","2019-07-15 08:08:33","2019-07-15 08:08:33","2019-07-15 08:08:33","2019-07-15 08:08:33","2019-07-15 08:08:33","2019-07-15 08:08:33","2019-07-15 08:08:33","2019-07-15 08:08:33","2019-07-15 08:08:33","2019-07-15 08:08:33","2019-07-15 08:08:33","2019-07-15 08:08:33"],[" 4.576 sec"," 4.597 sec"," 4.615 sec"," 4.634 sec"," 4.653 sec"," 4.671 sec"," 4.689 sec"," 4.708 sec"," 4.726 sec"," 4.745 sec"," 4.761 sec"," 4.778 sec"," 4.795 sec"," 4.816 sec"," 4.837 sec"," 4.854 sec"," 4.871 sec"," 4.888 sec"," 4.905 sec"," 4.921 sec"," 4.941 sec"," 4.958 sec"," 4.975 sec"," 4.991 sec"," 5.007 sec"," 5.024 sec"," 5.041 sec"," 5.058 sec"," 5.074 sec"," 5.091 sec"," 5.111 sec"," 5.127 sec"," 5.143 sec"," 5.160 sec"," 5.177 sec"," 5.193 sec"," 5.211 sec"," 5.227 sec"," 5.244 sec"," 5.260 sec"," 5.277 sec"," 5.294 sec"," 5.311 sec"," 5.328 sec"," 5.345 sec"," 5.363 sec"," 5.380 sec"," 5.395 sec"," 5.412 sec"," 5.429 sec"," 5.445 sec"],[0,1,2,3,4,5,6,7,8,9,10,11,12,13,14,15,16,17,18,19,20,21,22,23,24,25,26,27,28,29,30,31,32,33,34,35,36,37,38,39,40,41,42,43,44,45,46,47,48,49,50],[0.799999999999994,0.7399619807980536,0.6862014035641844,0.6380649858545898,0.593876152842673,0.555387315408449,0.5182788172924073,0.4855064650634387,0.4579784655486451,0.43199562253676516,0.4084579234149823,0.38760456403032917,0.36937734957041757,0.3533859268382016,0.33871276308904114,0.3248893746511948,0.31302845251754985,0.3021354507897362,0.2908933318925132,0.2800311097212766,0.2701867829179072,0.2606422998528991,0.2507737034543409,0.24301875877979906,0.23559017966996096,0.2276522474519842,0.221313681900554,0.214445848779672,0.20773958571126386,0.20185526567692164,0.19426703405509016,0.18891002757090739,0.18298233292885746,0.1759614998793629,0.1702127380355049,0.1656107459053181,0.159973987093137,0.15481640424762935,0.14967368234250666,0.14510360346945952,0.14124988086243256,0.13691741096841853,0.1328284037085418,0.1275794446987139,0.1229013368917464,0.11914524337600706,0.11466743398307312,0.11089876725302765,0.10726414150716639,0.1030110176233541,0.10035122933249298],[1.6094379124341118,1.3515608844187903,1.169037569703387,1.0292407164652742,0.9153300561741101,0.8241553401236514,0.7416861991986764,0.6722738257356056,0.6156907642025686,0.5640284921642438,0.5184402646579639,0.47865962196272793,0.44435856769349963,0.4144466921374473,0.38743476373045704,0.36252746421747867,0.3413016365068965,0.32221480416400855,0.30330908079293273,0.2859161936976759,0.270484938506954,0.2553961688753286,0.24070065440207708,0.22910666363299872,0.21821353279506978,0.20721926848768532,0.19810197956674955,0.18897560108655087,0.18051058034864917,0.17300318002295131,0.1638206976034296,0.1569356099288286,0.15002683146413656,0.14230781245930807,0.13606001406956317,0.13070999076720172,0.12498032275696656,0.119675915519297,0.1143471209186121,0.10991883001066498,0.106078485068049,0.10193528055051745,0.09791313006408545,0.09322181742432295,0.08884927510019093,0.08555630762567458,0.0816490481036334,0.07840799184745582,0.07540250270085971,0.07197984421140136,0.0697078180848487],[0.746268656716418,0.15647568608570053,0.15117958594126144,0.1333654309099663,0.13047664901299952,0.1242176215695715,0.11651420317766009,0.11073663938372653,0.10399614829080404,0.09966297544535388,0.09195955705344247,0.09003370245546462,0.08618199325950891,0.08425613866153106,0.08088589311506982,0.07944150216658642,0.07703418391911411,0.07366393837265287,0.0693307655272027,0.0640346653827636,0.058257101588830046,0.05681271064034665,0.051035146846413096,0.046701974000962924,0.043813192103996146,0.03948001925854598,0.038517091959557055,0.0365912373615792,0.03033220991815118,0.0274434280211844,0.025036109773712085,0.02407318247472316,0.021665864227250843,0.016851227732306212,0.013480982185844969,0.012999518536350506,0.01203659123736158,0.010110736639383727,0.0091478093403948,0.007221954742416947,0.006740491092922484,0.004814636494944632,0.003370245546461242,0.002407318247472316,0.002888781896966779,0.002407318247472316,0.002407318247472316,0.0019258545979778526,0.0019258545979778526,0.0014443909484833895,9.629272989889263E-4],[0.7999999999999956,0.7453775344132975,0.6981169799728912,0.6561189288153734,0.6176562135666911,0.5848869781404062,0.5534923520986998,0.5261784467456466,0.5044973130864463,0.48407033686416573,0.4667143750151443,0.450745028149941,0.4380061852577769,0.42730253980374255,0.416759885598969,0.4076757924016435,0.3991698189526441,0.39218212722598067,0.38528843095269955,0.3799289438833824,0.3756406760490471,0.3710197589816374,0.3663769901778264,0.3633718486419266,0.36042172019584906,0.3571308012632008,0.35489644838683215,0.35270312655276614,0.351749779733687,0.35073505927111936,0.3490417379752828,0.3477346792739715,0.3457697850954832,0.34563178344528456,0.34263189699538743,0.34122862972959594,0.3401820479868373,0.33890651770611196,0.33810305909879484,0.33782006033745865,0.3370550157425613,0.3366585927880703,0.33551267046021965,0.3350697560344104,0.33485499877241165,0.33512567564362705,0.33466699873891975,0.33463181636461076,0.3341588202776776,0.3329851116378407,0.3325272646457147],[1.6094379124341065,1.3741770936655617,1.2129600178782087,1.0890109656593658,0.9877864105916698,0.9079878019430871,0.8365675996193578,0.7759328221632188,0.7297391137423389,0.686702927598166,0.650290046510926,0.6178976437496961,0.5921200769484896,0.5706223228883569,0.5490895862450696,0.5314890904948202,0.5149897087627846,0.5006979831651572,0.4880411038869142,0.4780123921521249,0.470416673563651,0.4617360345309691,0.4527664448495318,0.44609100459496276,0.4398988232955674,0.4340908202962755,0.4292559032214798,0.4244005909754781,0.42318187860950285,0.4213303539958866,0.4169709328865631,0.41472227747751134,0.4107811184157209,0.41018238289651565,0.4040221279909005,0.40228591368661276,0.4005850193158281,0.39961944553794,0.3986346820421662,0.39789255840831456,0.39628613339097174,0.3958208931969034,0.39448772636810553,0.39317156273734694,0.3925148446412744,0.39373550893770604,0.39353776336669083,0.3943782979165642,0.39447482205814083,0.392999906365884,0.3925609278936761],[0.783410138248848,0.2073732718894009,0.20967741935483872,0.18663594470046083,0.19815668202764977,0.1889400921658986,0.18433179723502305,0.17972350230414746,0.1774193548387097,0.17050691244239632,0.16129032258064516,0.16589861751152074,0.1543778801843318,0.14746543778801843,0.14285714285714285,0.14516129032258066,0.14285714285714285,0.14285714285714285,0.1382488479262673,0.1382488479262673,0.1359447004608295,0.1382488479262673,0.14055299539170507,0.14285714285714285,0.14746543778801843,0.14285714285714285,0.14285714285714285,0.14516129032258066,0.14746543778801843,0.1497695852534562,0.1497695852534562,0.1543778801843318,0.15668202764976957,0.1543778801843318,0.1497695852534562,0.14746543778801843,0.1497695852534562,0.14746543778801843,0.14516129032258066,0.14055299539170507,0.14055299539170507,0.14285714285714285,0.14285714285714285,0.14055299539170507,0.14055299539170507,0.14516129032258066,0.1497695852534562,0.1497695852534562,0.14746543778801843,0.14516129032258066,0.14516129032258066]]},"training_metrics":{"__meta":{"schema_version":3,"schema_name":"ModelMetricsMultinomialV3","schema_type":"ModelMetricsMultinomial"},"model":{"__meta":{"schema_version":3,"schema_name":"ModelKeyV3","schema_type":"Key<Model>"},"name":"GBM_model_python_1563173693820_4","type":"Key<Model>","URL":"/3/Models/GBM_model_python_1563173693820_4"},"model_checksum":6808453587382152552,"frame":{"__meta":{"schema_version":3,"schema_name":"FrameKeyV3","schema_type":"Key<Frame>"},"name":"py_21_sid_ad74","type":"Key<Frame>","URL":"/3/Frames/py_21_sid_ad74"},"frame_checksum":5530161318148681568,"description":null,"model_category":"Multinomial","scoring_time":1563174513980,"predictions":null,"MSE":0.010070369228542599,"RMSE":0.10035122933249298,"nobs":2077,"custom_metric_name":null,"custom_metric_value":0.0,"r2":0.9943657768548633,"hit_ratio_table":{"__meta":{"schema_version":3,"schema_name":"TwoDimTableV3","schema_type":"TwoDimTable"},"name":"Top-5 Hit Ratios","description":"","columns":[{"__meta":{"schema_version":-1,"schema_name":"ColumnSpecsBase","schema_type":"Iced"},"name":"k","type":"string","format":"%s","description":"K"},{"__meta":{"schema_version":-1,"schema_name":"ColumnSpecsBase","schema_type":"Iced"},"name":"hit_ratio","type":"float","format":"%f","description":"Hit Ratio"}],"rowcount":5,"data":[["1","2","3","4","5"],[0.9990371,0.9995186,1.0,1.0,1.0]]},"cm":{"__meta":{"schema_version":3,"schema_name":"ConfusionMatrixV3","schema_type":"ConfusionMatrix"},"table":{"__meta":{"schema_version":3,"schema_name":"TwoDimTableV3","schema_type":"TwoDimTable"},"name":"Confusion Matrix","description":"Row labels: Actual class; Column labels: Predicted class","columns":[{"__meta":{"schema_version":-1,"schema_name":"ColumnSpecsBase","schema_type":"Iced"},"name":"1","type":"long","format":"%d","description":"1"},{"__meta":{"schema_version":-1,"schema_name":"ColumnSpecsBase","schema_type":"Iced"},"name":"2","type":"long","format":"%d","description":"2"},{"__meta":{"schema_version":-1,"schema_name":"ColumnSpecsBase","schema_type":"Iced"},"name":"3","type":"long","format":"%d","description":"3"},{"__meta":{"schema_version":-1,"schema_name":"ColumnSpecsBase","schema_type":"Iced"},"name":"4","type":"long","format":"%d","description":"4"},{"__meta":{"schema_version":-1,"schema_name":"ColumnSpecsBase","schema_type":"Iced"},"name":"5","type":"long","format":"%d","description":"5"},{"__meta":{"schema_version":-1,"schema_name":"ColumnSpecsBase","schema_type":"Iced"},"name":"Error","type":"double","format":"%.4f","description":"Error"},{"__meta":{"schema_version":-1,"schema_name":"ColumnSpecsBase","schema_type":"Iced"},"name":"Rate","type":"string","format":"= %9s","description":"Rate"}],"rowcount":6,"data":[[704,0,1,0,0,705],[0,682,0,0,0,682],[0,0,169,1,0,170],[0,0,0,321,0,321],[0,0,0,0,199,199],[0.0,0.0,0.0058823529411764705,0.003105590062111801,0.0,9.629272989889263E-4],["0 / 704","0 / 682","1 / 170","1 / 322","0 / 199","2 / 2.077"]]}},"logloss":0.0697078180848487,"mean_per_class_error":0.0017975886006576542},"validation_metrics":{"__meta":{"schema_version":3,"schema_name":"ModelMetricsMultinomialV3","schema_type":"ModelMetricsMultinomial"},"model":{"__meta":{"schema_version":3,"schema_name":"ModelKeyV3","schema_type":"Key<Model>"},"name":"GBM_model_python_1563173693820_4","type":"Key<Model>","URL":"/3/Models/GBM_model_python_1563173693820_4"},"model_checksum":6808453587382152552,"frame":{"__meta":{"schema_version":3,"schema_name":"FrameKeyV3","schema_type":"Key<Frame>"},"name":"py_22_sid_ad74","type":"Key<Frame>","URL":"/3/Frames/py_22_sid_ad74"},"frame_checksum":8414710648064847584,"description":null,"model_category":"Multinomial","scoring_time":1563174513981,"predictions":null,"MSE":0.11057438173276117,"RMSE":0.3325272646457147,"nobs":434,"custom_metric_name":null,"custom_metric_value":0.0,"r2":0.9421809463053946,"hit_ratio_table":{"__meta":{"schema_version":3,"schema_name":"TwoDimTableV3","schema_type":"TwoDimTable"},"name":"Top-5 Hit Ratios","description":"","columns":[{"__meta":{"schema_version":-1,"schema_name":"ColumnSpecsBase","schema_type":"Iced"},"name":"k","type":"string","format":"%s","description":"K"},{"__meta":{"schema_version":-1,"schema_name":"ColumnSpecsBase","schema_type":"Iced"},"name":"hit_ratio","type":"float","format":"%f","description":"Hit Ratio"}],"rowcount":5,"data":[["1","2","3","4","5"],[0.8548387,0.9769585,0.9861751,0.9930876,1.0]]},"cm":{"__meta":{"schema_version":3,"schema_name":"ConfusionMatrixV3","schema_type":"ConfusionMatrix"},"table":{"__meta":{"schema_version":3,"schema_name":"TwoDimTableV3","schema_type":"TwoDimTable"},"name":"Confusion Matrix","description":"Row labels: Actual class; Column labels: Predicted class","columns":[{"__meta":{"schema_version":-1,"schema_name":"ColumnSpecsBase","schema_type":"Iced"},"name":"1","type":"long","format":"%d","description":"1"},{"__meta":{"schema_version":-1,"schema_name":"ColumnSpecsBase","schema_type":"Iced"},"name":"2","type":"long","format":"%d","description":"2"},{"__meta":{"schema_version":-1,"schema_name":"ColumnSpecsBase","schema_type":"Iced"},"name":"3","type":"long","format":"%d","description":"3"},{"__meta":{"schema_version":-1,"schema_name":"ColumnSpecsBase","schema_type":"Iced"},"name":"4","type":"long","format":"%d","description":"4"},{"__meta":{"schema_version":-1,"schema_name":"ColumnSpecsBase","schema_type":"Iced"},"name":"5","type":"long","format":"%d","description":"5"},{"__meta":{"schema_version":-1,"schema_name":"ColumnSpecsBase","schema_type":"Iced"},"name":"Error","type":"double","format":"%.4f","description":"Error"},{"__meta":{"schema_version":-1,"schema_name":"ColumnSpecsBase","schema_type":"Iced"},"name":"Rate","type":"string","format":"= %8s","description":"Rate"}],"rowcount":6,"data":[[134,13,0,0,0,147],[13,113,5,0,1,132],[0,2,21,5,1,29],[0,0,1,74,11,86],[0,1,0,10,29,40],[0.08843537414965986,0.12403100775193798,0.2222222222222222,0.16853932584269662,0.30952380952380953,0.14516129032258066],["13 / 147","16 / 129","6 / 27","15 / 89","13 / 42","63 / 434"]]}},"logloss":0.3925609278936761,"mean_per_class_error":0.18255034789806523},"cross_validation_metrics":{"__meta":{"schema_version":3,"schema_name":"ModelMetricsMultinomialV3","schema_type":"ModelMetricsMultinomial"},"model":{"__meta":{"schema_version":3,"schema_name":"ModelKeyV3","schema_type":"Key<Model>"},"name":"GBM_model_python_1563173693820_4","type":"Key<Model>","URL":"/3/Models/GBM_model_python_1563173693820_4"},"model_checksum":6808453587382152552,"frame":{"__meta":{"schema_version":3,"schema_name":"FrameKeyV3","schema_type":"Key<Frame>"},"name":"py_21_sid_ad74","type":"Key<Frame>","URL":"/3/Frames/py_21_sid_ad74"},"frame_checksum":5530161318148681568,"description":"5-fold cross-validation on training data (Metrics computed for combined holdout predictions)","model_category":"Multinomial","scoring_time":1563174513988,"predictions":null,"MSE":0.1232372110105539,"RMSE":0.35105157884640525,"nobs":2077,"custom_metric_name":null,"custom_metric_value":0.0,"r2":0.9310505969682056,"hit_ratio_table":{"__meta":{"schema_version":3,"schema_name":"TwoDimTableV3","schema_type":"TwoDimTable"},"name":"Top-5 Hit Ratios","description":"","columns":[{"__meta":{"schema_version":-1,"schema_name":"ColumnSpecsBase","schema_type":"Iced"},"name":"k","type":"string","format":"%s","description":"K"},{"__meta":{"schema_version":-1,"schema_name":"ColumnSpecsBase","schema_type":"Iced"},"name":"hit_ratio","type":"float","format":"%f","description":"Hit Ratio"}],"rowcount":5,"data":[["1","2","3","4","5"],[0.84207994,0.9730381,0.99037075,0.99711126,1.0]]},"cm":{"__meta":{"schema_version":3,"schema_name":"ConfusionMatrixV3","schema_type":"ConfusionMatrix"},"table":{"__meta":{"schema_version":3,"schema_name":"TwoDimTableV3","schema_type":"TwoDimTable"},"name":"Confusion Matrix","description":"Row labels: Actual class; Column labels: Predicted class","columns":[{"__meta":{"schema_version":-1,"schema_name":"ColumnSpecsBase","schema_type":"Iced"},"name":"1","type":"long","format":"%d","description":"1"},{"__meta":{"schema_version":-1,"schema_name":"ColumnSpecsBase","schema_type":"Iced"},"name":"2","type":"long","format":"%d","description":"2"},{"__meta":{"schema_version":-1,"schema_name":"ColumnSpecsBase","schema_type":"Iced"},"name":"3","type":"long","format":"%d","description":"3"},{"__meta":{"schema_version":-1,"schema_name":"ColumnSpecsBase","schema_type":"Iced"},"name":"4","type":"long","format":"%d","description":"4"},{"__meta":{"schema_version":-1,"schema_name":"ColumnSpecsBase","schema_type":"Iced"},"name":"5","type":"long","format":"%d","description":"5"},{"__meta":{"schema_version":-1,"schema_name":"ColumnSpecsBase","schema_type":"Iced"},"name":"Error","type":"double","format":"%.4f","description":"Error"},{"__meta":{"schema_version":-1,"schema_name":"ColumnSpecsBase","schema_type":"Iced"},"name":"Rate","type":"string","format":"= %11s","description":"Rate"}],"rowcount":6,"data":[[633,59,1,2,1,696],[65,596,31,3,0,695],[2,19,120,13,0,154],[4,5,16,258,56,339],[0,3,2,46,142,193],[0.10085227272727272,0.12609970674486803,0.29411764705882354,0.19875776397515527,0.2864321608040201,0.15792007703418393],["71 / 704","86 / 682","50 / 170","64 / 322","57 / 199","328 / 2.077"]]}},"logloss":0.42375830390445124,"mean_per_class_error":0.2012519102620279},"cross_validation_metrics_summary":{"__meta":{"schema_version":3,"schema_name":"TwoDimTableV3","schema_type":"TwoDimTable"},"name":"Cross-Validation Metrics Summary","description":"","columns":[{"__meta":{"schema_version":-1,"schema_name":"ColumnSpecsBase","schema_type":"Iced"},"name":"","type":"string","format":"%s","description":""},{"__meta":{"schema_version":-1,"schema_name":"ColumnSpecsBase","schema_type":"Iced"},"name":"mean","type":"string","format":"%s","description":"mean"},{"__meta":{"schema_version":-1,"schema_name":"ColumnSpecsBase","schema_type":"Iced"},"name":"sd","type":"string","format":"%s","description":"sd"},{"__meta":{"schema_version":-1,"schema_name":"ColumnSpecsBase","schema_type":"Iced"},"name":"cv_1_valid","type":"string","format":"%s","description":"cv_1_valid"},{"__meta":{"schema_version":-1,"schema_name":"ColumnSpecsBase","schema_type":"Iced"},"name":"cv_2_valid","type":"string","format":"%s","description":"cv_2_valid"},{"__meta":{"schema_version":-1,"schema_name":"ColumnSpecsBase","schema_type":"Iced"},"name":"cv_3_valid","type":"string","format":"%s","description":"cv_3_valid"},{"__meta":{"schema_version":-1,"schema_name":"ColumnSpecsBase","schema_type":"Iced"},"name":"cv_4_valid","type":"string","format":"%s","description":"cv_4_valid"},{"__meta":{"schema_version":-1,"schema_name":"ColumnSpecsBase","schema_type":"Iced"},"name":"cv_5_valid","type":"string","format":"%s","description":"cv_5_valid"}],"rowcount":10,"data":[["accuracy","err","err_count","logloss","max_per_class_error","mean_per_class_accuracy","mean_per_class_error","mse","r2","rmse"],["0.84208065","0.15791938","65.6","0.42373353","0.3251103","0.79941183","0.20058818","0.12323306","0.9310263","0.35090724"],["0.0065094307","0.0065094307","2.70555","0.021060748","0.041915603","0.00867741","0.00867741","0.0048665223","0.0025667367","0.006970428"],["0.82891566","0.17108434","71.0","0.4136534","0.275","0.81341285","0.18658717","0.12440224","0.9296996","0.35270703"],["0.84134614","0.15865384","66.0","0.43859765","0.3125","0.8056989","0.1943011","0.12191184","0.9324209","0.34915876"],["0.84134614","0.15865384","66.0","0.46030828","0.3","0.798226","0.20177399","0.13317753","0.92615336","0.36493498"],["0.8578313","0.14216867","59.0","0.37207016","0.296875","0.8027751","0.1972249","0.11174597","0.9370953","0.33428425"],["0.84096384","0.15903614","66.0","0.43403816","0.44117647","0.77694625","0.22305374","0.12492772","0.9297622","0.35345116"]]},"status":null,"start_time":1563174513109,"end_time":1563174513985,"run_time":876,"help":{"validation_metrics":"Validation data model metrics", "cross_validation_metrics_summary":"Cross-validation model metrics summary", "run_time":"Runtime in milliseconds", "status":"Job status", "domains":"Domains for categorical columns", "model_category":"Category of the model (e.g., Binomial)", "__meta":"Metadata on this schema instance, to make it self-describing.", "variable_importances":"Variable Importances", "model_summary":"Model summary", "scoring_history":"Scoring history", "help":"Help information for output fields", "end_time":"End time in milliseconds", "names":"Column names", "column_types":"Column types", "cross_validation_fold_assignment_frame_id":"Cross-validation fold assignment (each row is assigned to one holdout fold)", "start_time":"Start time in milliseconds", "training_metrics":"Training data model metrics", "cross_validation_models":"Cross-validation models (model ids)", "cross_validation_metrics":"Cross-validation model metrics", "cross_validation_predictions":"Cross-validation predictions, one per cv model (deprecated, use cross_validation_holdout_predictions_frame_id instead)", "init_f":"The Intercept term, the initial model function value to which trees make adjustments", "cross_validation_holdout_predictions_frame_id":"Cross-validation holdout predictions (full out-of-sample predictions on training data)"},"variable_importances":{"__meta":{"schema_version":3,"schema_name":"TwoDimTableV3","schema_type":"TwoDimTable"},"name":"Variable Importances","description":"","columns":[{"__meta":{"schema_version":-1,"schema_name":"ColumnSpecsBase","schema_type":"Iced"},"name":"variable","type":"string","format":"%s","description":"Variable"},{"__meta":{"schema_version":-1,"schema_name":"ColumnSpecsBase","schema_type":"Iced"},"name":"relative_importance","type":"double","format":"%5f","description":"Relative Importance"},{"__meta":{"schema_version":-1,"schema_name":"ColumnSpecsBase","schema_type":"Iced"},"name":"scaled_importance","type":"double","format":"%5f","description":"Scaled Importance"},{"__meta":{"schema_version":-1,"schema_name":"ColumnSpecsBase","schema_type":"Iced"},"name":"percentage","type":"double","format":"%5f","description":"Percentage"}],"rowcount":19,"data":[["PraÃ§a MarquÃªs de Pombal","day","month","hour","weather_description","Rua Braamcamp","Avenida Fontes Pereira de Melo","dayofweek","flag_vacationperiod","Rua Joaquim AntÃ³nio de Aguiar","Avenida Duque de LoulÃ©","flag_event","Avenida da Liberdade","year","flag_weekend","flag_holiday","weather_main","flag_rain","flag_fog"],[1181.1240234375,807.0537719726562,693.2396850585938,680.660400390625,599.19580078125,331.065185546875,274.7812805175781,249.8702850341797,188.75196838378906,184.83595275878906,179.314208984375,135.75184631347656,127.65037536621094,71.3093490600586,68.14117431640625,58.577938079833984,19.76350212097168,0.7966067790985107,0.2453315407037735],[1.0,0.6832929954500769,0.5869321691053362,0.5762819034106647,0.5073098073455254,0.28029671649836996,0.2326438841857308,0.2115529614806804,0.159807069061598,0.15649156997149993,0.15181657931442755,0.11493445533212454,0.10807533572528816,0.060374141618525785,0.057691802862573804,0.049595078008278,0.016732791585639506,6.744480370317891E-4,2.0771022842272702E-4],[0.20182810165704138,0.13790772814724245,0.11845940549197959,0.11630988258468093,0.10238937536854678,0.056571754191567916,0.04695407350732663,0.04269733261557092,0.032253557380078034,0.03158439649267789,0.030640852003096568,0.023197002934668712,0.021812639845382335,0.012185198392040434,0.011643827052925536,0.01000968044594363,0.003377147561152537,1.3612256698044393E-4,4.192176109730943E-5]]},"init_f":0.0},"compatible_frames":null}
